centre,baseline,peak,peak_rise_pct,peak_date,first_spike_day,first_alert,lead_days,days_to_peak
Kurnool,819.0,4635.0,465.9,2023-10-28,2023-08-08,2023-08-04,4,85
Bhopal,1000.0,5000.0,400.0,2023-10-29,2023-08-13,2023-08-02,11,88
Delhi,1100.0,4650.0,322.7,2023-10-26,2023-08-06,2023-08-01,5,86
Ahmedabad,1275.0,4900.0,284.3,2023-10-27,2023-08-02,2023-08-01,1,87
Bengaluru,1250.0,4750.0,280.0,2023-11-02,2023-08-07,2023-08-02,5,92
Nagpur,1625.0,6000.0,269.2,2023-11-02,2023-08-08,2023-08-05,3,89
Mumbai,1625.0,6000.0,269.2,2023-11-02,2023-08-08,2023-08-05,3,89
Kolkata,1675.0,5800.0,246.3,2023-11-01,2023-08-02,2023-08-02,0,91
Lucknow,1270.0,4230.0,233.1,2023-11-05,2023-08-23,2023-08-24,-1,73
